раздел,вопрос,A,B,C,D,E,ответ
Mobile Devices,"Изображение на экране ноутбука едва различимо и видно только при подсветке фонариком. Какой компонент, скорее всего, неисправен?",Подсветка дисплея (backlight),Дигитайзер (digitizer),Wi-Fi антенна,Графический процессор (GPU),,A
Mobile Devices,Где обычно расположены Wi-Fi антенны в ноутбуке?,Во внешнем блоке питания,В корпусе дисплея вокруг матрицы,Под клавиатурой,Рядом с аккумулятором,,B
Mobile Devices,Какая технология используется для бесконтактной оплаты смартфоном на POS-терминале?,Bluetooth,NFC,Инфракрасный порт (IR),Lightning,,B
Mobile Devices,Пользователь подключает новую Bluetooth-гарнитуру к смартфону. Что нужно сделать первым?,Установить драйвер гарнитуры,Проверить качество связи звонком,Перевести гарнитуру в режим обнаружения/сопряжения,Ввести PIN-код на смартфоне,,C
Mobile Devices,"Какой разъём является обратимым и может одновременно передавать данные USB, видео DisplayPort и питание?",USB-C,Micro-USB,Lightning,Mini-USB,,A
Mobile Devices,Какой компонент планшета преобразует касания экрана в цифровые сигналы?,Инвертор,Акселерометр,Стилус,Дигитайзер (digitizer),,D
Mobile Devices,Какая технология позволяет централизованно применять политики безопасности и удалённо стирать данные на корпоративных смартфонах?,DLP,MDM (Mobile Device Management),SSO,VPN,,B
Mobile Devices,"Какое устройство подключается к ноутбуку одним кабелем (Thunderbolt/USB-C) и предоставляет порты для мониторов, Ethernet и периферии?",Док-станция (docking station),KVM-переключатель,Пассивный USB 2.0 хаб,Инвертор питания,,A
Mobile Devices,Пользователю в командировке нужно выйти в интернет с ноутбука через сотовую сеть смартфона. Какую функцию использовать?,Режим полёта,NFC,Мобильная точка доступа (hotspot/tethering),Инфракрасный порт,,C
Mobile Devices,Какой форм-фактор модулей оперативной памяти используется в большинстве ноутбуков?,DIMM,SODIMM,RIMM,Registered ECC DIMM,,B
Mobile Devices,Какая технология определяет местоположение устройства по сигналам спутников?,NFC,Wi-Fi Direct,GPS,Bluetooth LE,,C
Mobile Devices,"Какой протокол обеспечивает синхронизацию почты, календаря и контактов смартфона с Microsoft Exchange?",POP3,SMTP,FTP,Exchange ActiveSync,,D
Networking,Какой порт по умолчанию использует HTTPS?,TCP 22,TCP 80,TCP 443,TCP 3389,,C
Networking,Какой порт по умолчанию использует протокол удалённого рабочего стола (RDP)?,TCP 23,TCP 3389,TCP 22,TCP 445,,B
Networking,Какой порт использует SMB для доступа к общим папкам Windows напрямую по TCP/IP?,TCP 389,TCP 445,TCP 143,TCP 110,,B
Networking,Какой порт использует DNS?,UDP 67/68,UDP 161,TCP/UDP 53,TCP 25,,C
Networking,Какие порты использует DHCP?,TCP 137-139,UDP 161/162,UDP 67/68,TCP 20/21,,C
Networking,"Какой протокол использует система мониторинга (например, Zabbix) для опроса счётчиков интерфейсов на коммутаторе?",SSH,LDAP,SMTP,SNMP,,D
Networking,Рабочая станция получила адрес 169.254.12.45. Что это означает?,DHCP выдал адрес из публичного диапазона,Адрес задан вручную администратором,Клиент не получил адрес от DHCP-сервера и назначил APIPA,Это loopback-адрес интерфейса,,C
Networking,Какой из адресов относится к частным диапазонам RFC 1918?,172.20.5.10,192.169.1.1,11.0.0.1,172.32.1.1,,A
Networking,Какая DNS-запись указывает почтовый сервер домена?,MX,AAAA,A,CNAME,,A
Networking,"Какой тип DNS-записи используется для публикации SPF, DKIM и DMARC?",TXT,SRV,MX,CNAME,,A
Networking,Какой стандарт соответствует Wi-Fi 6?,802.11n,802.11ax,802.11ac,802.11g,,B
Networking,Какие каналы диапазона 2.4 ГГц не перекрываются (в большинстве регионов)?,"2, 7, 12","1, 5, 9","1, 4, 8","1, 6, 11",,D
Networking,Какой стандарт PoE+ обеспечивает до 30 Вт на порт?,IEEE 802.3bt,IEEE 802.1X,IEEE 802.3af,IEEE 802.3at,,D
Networking,Какое устройство пересылает кадры на основе MAC-адресов в пределах одной сети?,Коммутатор (switch),Модем,Маршрутизатор (router),Концентратор (hub),,A
Networking,"Какой класс устройств объединяет межсетевой экран, IPS, антивирусную проверку трафика и веб-фильтрацию (например, FortiGate)?",Балансировщик нагрузки,Патч-панель,Повторитель (repeater),UTM (Unified Threat Management),,D
Networking,Какой инструмент позволяет найти конкретный кабель в пучке или на патч-панели?,Тонер-пробник (toner probe),Кросс-инструмент (punchdown tool),Loopback-заглушка,Обжимной инструмент (crimper),,A
Networking,Какой инструмент помогает выявить перегруженные и пересекающиеся Wi-Fi каналы?,Кабельный тестер,Loopback-заглушка,Wi-Fi анализатор,Мультиметр,,C
Networking,"Сетевой принтер должен всегда получать один и тот же IP-адрес, но управление адресацией остаётся централизованным. Что настроить?",Создать A-запись в DNS,Включить APIPA,Резервирование DHCP (DHCP reservation),Увеличить время аренды (lease time),,C
Networking,Какая технология логически разделяет широковещательные домены на одном коммутаторе?,NAT,VLAN,VPN,DMZ,,B
Networking,Сколько адресов узлов доступно в подсети /26?,64,126,30,62,,D
Networking,Какой транспортный протокол без установления соединения используют DHCP и TFTP?,TCP,ICMP,UDP,ARP,,C
Hardware,Какое минимальное количество дисков требуется для RAID 5?,3,5,2,4,,A
Hardware,Какой уровень RAID реализует зеркалирование данных?,RAID 6,RAID 5,RAID 1,RAID 0,,C
Hardware,Какой уровень RAID сочетает зеркалирование и чередование и требует минимум 4 дисков?,RAID 6,RAID 5,RAID 0,RAID 10,,D
Hardware,Через какую шину работает M.2 NVMe SSD?,SAS,SATA,PCIe,USB,,C
Hardware,Для чего в серверах используется память ECC?,Для снижения энергопотребления,Для включения двухканального режима,Для увеличения тактовой частоты,Для обнаружения и исправления однобитовых ошибок памяти,,D
Hardware,Как правильно установить модули памяти для работы в двухканальном режиме?,Совместить модули DDR4 и DDR5,Установить один модуль в первый слот,Всегда установить модули в соседние слоты,"Установить одинаковые модули в слоты, указанные в руководстве материнской платы",,D
Hardware,Можно ли установить модуль DDR5 в слот DDR4?,"Да, после включения режима в BIOS",Нет: у модулей разное положение ключа и электрические характеристики,"Да, но только в ноутбуках","Да, память будет работать на скорости DDR4",,B
Hardware,Какой разъём питания обычно используется для дискретной видеокарты?,24-pin ATX,8-pin (6+2) PCIe,15-pin SATA,8-pin EPS12V (CPU),,B
Hardware,"Какой аппаратный компонент материнской платы хранит криптографические ключи, используемые BitLocker?",TPM,Южный мост,Микросхема флеш-памяти UEFI,Батарейка CMOS,,A
Hardware,Какова цель функции UEFI Secure Boot?,Запрашивать пароль при включении,Ускорять загрузку ОС,Шифровать системный диск,Предотвращать загрузку неподписанных или изменённых загрузчиков,,D
Hardware,На каком этапе лазерной печати тонер закрепляется на бумаге нагревом и давлением?,Charging (зарядка),Exposing (экспонирование),Fusing (закрепление),Developing (проявление),,C
Hardware,Какой расходный материал требуется термопринтеру для печати чеков?,Чернильный картридж,Тонер,Термобумага,Красящая лента,,C
Hardware,Какой тип принтера подходит для печати на многослойных копировальных бланках?,Матричный (impact),Струйный,Лазерный,Термический,,A
Hardware,Какой расходный материал используется в FDM 3D-принтере?,Термобумага,Тонер,"Филамент (PLA, ABS)",Фотополимерная смола,,C
Networking,Какой малогабаритный оптический разъём с защёлкой типичен для SFP-трансиверов?,F-type,LC,RJ45,ST,,B
Networking,Какова максимальная длина сегмента витой пары Cat6 по стандарту для 1 Гбит/с?,185 м,100 м,500 м,25 м,,B
Networking,Кабель прокладывается в серверной рядом с мощным электрооборудованием. Какой тип кабеля выбрать для снижения электромагнитных помех?,Неэкранированный патч-корд Cat6,UTP plenum,UTP Cat5e,STP (экранированная витая пара),,D
Networking,Для чего предназначен кабель с оболочкой класса plenum?,"Для прокладки в воздушных пространствах (фальшпотолок, воздуховоды) — низкая токсичность дыма при горении",Для защиты от электромагнитных помех,Для повышения скорости передачи,Для прямой закладки в грунт,,A
Networking,Какие проводники занимают контакты 1 и 2 в разводке T568B?,"Бело-оранжевый, оранжевый","Бело-зелёный, зелёный","Бело-коричневый, коричневый","Бело-синий, синий",,A
Networking,Как обжимается перекрёстный (crossover) кабель?,Коаксиальный кабель с F-коннектором,Зеркальный порядок всех 8 жил (rollover),T568A на одном конце и T568B на другом,T568B на обоих концах,,C
Hardware,Какова пропускная способность интерфейса SATA III?,1.5 Гбит/с,12 Гбит/с,3 Гбит/с,6 Гбит/с,,D
Hardware,Какой видеоинтерфейс передаёт только аналоговый сигнал?,DisplayPort,DVI-D,VGA,HDMI,,C
Virtualization and Cloud Computing,Какой гипервизор относится к Type 1 (bare-metal)?,Parallels Desktop,VMware Workstation,VMware ESXi,Oracle VirtualBox,,C
Virtualization and Cloud Computing,Гипервизор не запускает виртуальные машины на новом ПК. Что проверить в настройках UEFI/BIOS?,Включён ли режим CSM,Включён ли Hyper-Threading,Включена ли аппаратная виртуализация (Intel VT-x / AMD-V),Включён ли профиль XMP,,C
Virtualization and Cloud Computing,Какой пример соответствует модели SaaS?,"Microsoft 365 (Exchange Online, Teams)",Аренда стойки в ЦОД,Виртуальная машина Azure с установленной ОС,Платформа для развёртывания кода без управления серверами ОС,,A
Virtualization and Cloud Computing,"В какой модели клиент управляет ОС, middleware и приложениями, а провайдер — оборудованием и виртуализацией?",FaaS,IaaS,PaaS,SaaS,,B
Virtualization and Cloud Computing,"Какая характеристика облака позволяет автоматически добавлять ресурсы в пиковые периоды (например, при приёмной кампании)?",High availability,Shared resources,Rapid elasticity (быстрая эластичность),Metered utilization,,C
Virtualization and Cloud Computing,"Организация хранит персональные данные в собственном ЦОД, а LMS размещает у публичного облачного провайдера. Какая это модель развертывания?",Облако сообщества,Гибридное облако,Публичное облако,Частное облако,,B
Virtualization and Cloud Computing,Чем контейнеры отличаются от виртуальных машин?,Контейнеры требуют гипервизор Type 2,Каждый контейнер содержит полную гостевую ОС с ядром,Контейнеры нельзя изолировать сетевыми политиками,Контейнеры используют ядро хостовой ОС и не содержат собственной ОС,,D
Virtualization and Cloud Computing,Почему для тестирования обновлений и подозрительного ПО часто используют виртуальную машину?,ВМ устраняет необходимость лицензирования ОС,ВМ всегда производительнее физического ПК,Это изолированная среда (sandbox) с возможностью отката через снапшот,ВМ гарантированно защищает хост от любых атак,,C
Virtualization and Cloud Computing,Какая технология выполняет рабочие столы пользователей на серверах ЦОД с доступом с тонких клиентов?,NAS,VDI,MDM,BYOD,,B
Virtualization and Cloud Computing,Какая характеристика облака означает оплату по фактическому потреблению ресурсов?,Metered utilization,Rapid elasticity,File synchronization,Multitenancy,,A
Hardware and Network Troubleshooting,Какой шаг методологии устранения неисправностей CompTIA следует сразу после определения проблемы?,Составить план действий,Проверить теорию,Задокументировать результаты,Сформулировать теорию вероятной причины,,D
Hardware and Network Troubleshooting,Какой шаг является последним в методологии устранения неисправностей CompTIA?,"Задокументировать выводы, действия и результаты",Реализовать решение,Эскалировать проблему,Проверить полную функциональность системы,,A
Hardware and Network Troubleshooting,"Что следует сделать на этапе определения проблемы, прежде чем вносить изменения в систему?",Переустановить ОС,Выполнить резервное копирование,Обновить BIOS,Заменить подозрительный компонент,,B
Hardware and Network Troubleshooting,"ПК включается, вентиляторы вращаются, изображения нет, звучит серия сигналов POST. Какое первое действие наиболее обоснованно?",Заменить жёсткий диск,Заменить блок питания,Переустановить операционную систему,Переустановить модули RAM и проверить видеокарту,,D
Hardware and Network Troubleshooting,"После каждого отключения питания ПК сбрасывает дату, время и настройки BIOS. Что сделать?",Переустановить драйвер чипсета,Заменить батарейку CMOS,Заменить блок питания,Заменить жёсткий диск,,B
Hardware and Network Troubleshooting,"Жёсткий диск издаёт щелчки и скрежет, S.M.A.R.T. сообщает об ошибках. Что делать в первую очередь?",Увеличить объём RAM,Выполнить дефрагментацию,Обновить драйверы накопителя,Немедленно создать резервную копию данных и запланировать замену диска,,D
Hardware and Network Troubleshooting,"Аккумулятор ноутбука вздулся, корпус деформирован. Какое действие правильное?","Проколоть корпус, чтобы выпустить газ",Прекратить использование и утилизировать батарею по правилам,Охладить аккумулятор в морозильнике,Полностью зарядить для калибровки,,B
Hardware and Network Troubleshooting,"Рабочая станция самопроизвольно выключается под нагрузкой, в корпусе много пыли. Что проверить?","Систему охлаждения: вентиляторы, пыль, термопасту",Модули RAM,Настройки IP,Целостность ОС,,A
Hardware and Network Troubleshooting,Из блока питания ПК идёт запах гари. Что делать?,Продолжить работу для сбора диагностики,Вскрыть блок питания для осмотра,Продуть работающий БП сжатым воздухом,Немедленно выключить и отключить ПК от сети,,D
Hardware and Network Troubleshooting,На отпечатках лазерного принтера появляется повторяющееся бледное изображение предыдущего фрагмента (ghosting). Какой компонент вероятнее всего неисправен?,Ролик захвата бумаги,Фотобарабан (imaging drum),Сепараторная площадка,Драйвер принтера,,B
Hardware and Network Troubleshooting,Тонер легко стирается с отпечатанных страниц лазерного принтера. Какой компонент неисправен?,Фьюзер (fuser),Ролик переноса,Фотобарабан,Ролик захвата бумаги,,A
Hardware and Network Troubleshooting,Принтер одновременно захватывает несколько листов бумаги. Что заменить?,Фьюзер,Картридж с тонером,Сепараторную площадку (separation pad),Фотобарабан,,C
Hardware and Network Troubleshooting,Принтер печатает бессмысленный набор символов. Какая вероятная причина?,Повышенная влажность бумаги,Заканчивается тонер,Неисправен фьюзер,Неверный или повреждённый драйвер принтера,,D
Hardware and Network Troubleshooting,Одна точка экрана монитора всегда остаётся чёрной при любом изображении. Что это?,Неверное разрешение экрана,Устаревший видеодрайвер,Повреждённый видеокабель,Битый пиксель (dead pixel) — аппаратный дефект матрицы,,D
Hardware and Network Troubleshooting,"Проектор отключается через несколько минут работы, индикатор перегрева горит. Что сделать в первую очередь?",Очистить воздушный фильтр и проверить вентиляцию,Заменить видеокабель,Изменить разрешение ноутбука,Обновить прошивку проектора,,A
Hardware and Network Troubleshooting,Windows сообщает о конфликте IP-адресов. Какова наиболее вероятная причина?,Неверно указан шлюз по умолчанию,Недоступен DNS-сервер,"Два устройства используют один и тот же IP (например, статический адрес внутри пула DHCP)",Повреждён сетевой кабель,,C
Hardware and Network Troubleshooting,"Пользователь может выполнить ping по IP-адресу сервера, но не по его имени. Где проблема?",Разрешение имён DNS,DHCP-сервер,Шлюз по умолчанию,Физический кабель,,A
Hardware and Network Troubleshooting,"Локальные ресурсы доступны, маска подсети корректна, но ping до 8.8.8.8 не проходит. Что проверить?",Режим дуплекса на ноутбуке,Шлюз по умолчанию,Адрес APIPA,DNS-сервер,,B
Hardware and Network Troubleshooting,"На порту коммутатора растут CRC-ошибки и late collisions, скорость низкая. Какова вероятная причина?",Исчерпание пула DHCP,Несоответствие VLAN,Сбой DNS,Несоответствие режима дуплекса (duplex mismatch),,D
Hardware and Network Troubleshooting,Wi-Fi соединение прерывается при работе микроволновой печи рядом. Какое решение предпочтительно?,Отключить WPA3,Перевести клиентов на диапазон 5 ГГц или сменить канал,Сократить длину SSID,Задать статический IP-адрес,,B
Networking,Какой инструмент проверяет правильность разводки и целостность жил патч-корда?,Кабельный тестер,Тонер-пробник,Loopback-заглушка,Wi-Fi анализатор,,A
Networking,Какой инструмент позволяет проверить сетевой порт NIC без подключения к коммутатору?,Loopback-заглушка,Мультиметр,Тонер-пробник,Кабельный тестер,,A
Hardware and Network Troubleshooting,Массив RAID 5 перешёл в состояние degraded после отказа одного диска. Что делать?,Заменить отказавший диск и выполнить rebuild массива,Преобразовать массив в RAID 0,Заново инициализировать массив,Отключить RAID-контроллер,,A
Hardware and Network Troubleshooting,После установки нового приложения смартфон быстро разряжается и нагревается. Какое первое действие?,Заменить экран,Сразу выполнить сброс к заводским настройкам,Отключить звонки по Wi-Fi,Проверить расход батареи по приложениям и удалить проблемное приложение,,D
Hardware and Network Troubleshooting,Клавиатура ноутбука печатает цифры вместо некоторых букв. Какое решение?,Отключить Num Lock (обычно через Fn),Переустановить драйвер клавиатуры,Сменить раскладку языка,Заменить клавиатуру,,A
